"name","link","image_path","category"
"Nike Football Academy 23 t-shirt in charcoal and green","https://www.asos.com/nike-football/nike-football-academy-23-t-shirt-in-charcoal-and-green/prd/206615126#colourWayId-206615127","https://images.asos-media.com/products/nike-football-academy-23-t-shirt-in-charcoal-and-green/206615126-1-charcoal","Top"
"Nike Running Air Zoom Pegasus 41 trainers in grey","https://www.asos.com/nike-running/nike-running-air-zoom-pegasus-41-trainers-in-grey/prd/206617139#colourWayId-206617141","https://images.asos-media.com/products/nike-running-air-zoom-pegasus-41-trainers-in-grey/206617139-1-grey","Shoes"
"Nike Training Dri-Fit Unlimited woven 7 inch shorts in khaki","https://www.asos.com/nike-training/nike-training-dri-fit-unlimited-woven-7-inch-shorts-in-khaki/prd/206621662#colourWayId-206621663","https://images.asos-media.com/products/nike-training-dri-fit-unlimited-woven-7-inch-shorts-in-khaki/206621662-1-khaki","Others"
"Nike Training Metcon 9 trainers in black and brown","https://www.asos.com/nike-training/nike-training-metcon-9-trainers-in-black-and-brown/prd/206621730#colourWayId-206621731","https://images.asos-media.com/products/nike-training-metcon-9-trainers-in-black-and-brown/206621730-1-black","Shoes"
"Nike Zoom Vomero 5 suede unisex trainers in blue and white","https://www.asos.com/nike/nike-zoom-vomero-5-suede-unisex-trainers-in-blue-and-white/prd/206622662#colourWayId-206622663","https://images.asos-media.com/products/nike-zoom-vomero-5-suede-unisex-trainers-in-blue-and-white/206622662-1-lightblue","Shoes"
"Carhartt WIP long sleeve tracker shirt in khaki","https://www.asos.com/carhartt-wip/carhartt-wip-long-sleeve-tracker-shirt-in-khaki/prd/206638845#colourWayId-206638853","https://images.asos-media.com/products/carhartt-wip-long-sleeve-tracker-shirt-in-khaki/206638845-1-khaki","Top"
"ON Cloudrift all day trainers in white grey and green","https://www.asos.com/on-running/on-cloudrift-all-day-trainers-in-white-grey-and-green/prd/206864140#colourWayId-206864158","https://images.asos-media.com/products/on-cloudrift-all-day-trainers-in-white-grey-and-green/206864140-1-whitegreyandgreen","Shoes"
"ASOS DESIGN lace up worker boots in black leather with shearling lining","https://www.asos.com/asos-design/asos-design-lace-up-worker-boots-in-black-leather-with-shearling-lining/prd/206888970#colourWayId-206888971","https://images.asos-media.com/products/asos-design-lace-up-worker-boots-in-black-leather-with-shearling-lining/206888970-1-black","Shoes"
"ASOS DESIGN boxy quilted overshirt in navy","https://www.asos.com/asos-design/asos-design-boxy-quilted-overshirt-in-navy/prd/207018267#colourWayId-207018271","https://images.asos-media.com/products/asos-design-boxy-quilted-overshirt-in-navy/207018267-1-navy","Top"
"ASOS DESIGN smart wide leg elasticated hem trousers in black","https://www.asos.com/asos-design/asos-design-smart-wide-leg-elasticated-hem-trousers-in-black/prd/207028026#colourWayId-207028030","https://images.asos-media.com/products/asos-design-smart-wide-leg-elasticated-hem-trousers-in-black/207028026-1-black","Bottom"
"ASOS DESIGN crop relaxed revere cord shirt with chest embroidery in brown","https://www.asos.com/asos-design/asos-design-crop-relaxed-revere-cord-shirt-with-chest-embroidery-in-brown/prd/207069339#colourWayId-207069348","https://images.asos-media.com/products/asos-design-crop-relaxed-revere-cord-shirt-with-chest-embroidery-in-brown/207069339-1-brown","Top"
"ASOS DESIGN boxy oversized denim shirt in ecru","https://www.asos.com/asos-design/asos-design-boxy-oversized-denim-shirt-in-ecru/prd/207076288#colourWayId-207076289","https://images.asos-media.com/products/asos-design-boxy-oversized-denim-shirt-in-ecru/207076288-1-ecru","Top"
"Lacoste storm 96 trainer in off white/green","https://www.asos.com/lacoste/lacoste-storm-96-trainer-in-off-white-green/prd/207091478#colourWayId-207091479","https://images.asos-media.com/products/lacoste-storm-96-trainer-in-off-white-green/207091478-1-white","Shoes"
"ASOS DESIGN wide leg twill jersey joggers with pintucks in washed black","https://www.asos.com/asos-design/asos-design-wide-leg-twill-jersey-joggers-with-pintucks-in-washed-black/prd/207101367#colourWayId-207101373","https://images.asos-media.com/products/asos-design-wide-leg-twill-jersey-joggers-with-pintucks-in-washed-black/207101367-1-asphalt","Others"
"ASOS DESIGN tapered washed corduroy joggers in navy","https://www.asos.com/asos-design/asos-design-tapered-washed-corduroy-joggers-in-navy/prd/207122525#colourWayId-207122526","https://images.asos-media.com/products/asos-design-tapered-washed-corduroy-joggers-in-navy/207122525-1-navy","Others"
"Alma de Ace t-shirt with logo back print in navy","https://www.asos.com/alma-de-ace/alma-de-ace-t-shirt-with-logo-back-print-in-navy/prd/207127733#colourWayId-207127734","https://images.asos-media.com/products/alma-de-ace-t-shirt-with-logo-back-print-in-navy/207127733-1-navy","Top"
"ASOS DESIGN smart oversized tapered trousers with front pleats in black & white micro check","https://www.asos.com/asos-design/asos-design-smart-oversized-tapered-trousers-with-front-pleats-in-black-white-micro-check/prd/207201259#colourWayId-207201271","https://images.asos-media.com/products/asos-design-smart-oversized-tapered-trousers-with-front-pleats-in-black-white-micro-check/207201259-1-blackwhite","Bottom"
"ASOS DESIGN pull on smart wide leg trousers with side tape in grey","https://www.asos.com/asos-design/asos-design-pull-on-smart-wide-leg-trousers-with-side-tape-in-grey/prd/207201266#colourWayId-207201275","https://images.asos-media.com/products/asos-design-pull-on-smart-wide-leg-trousers-with-side-tape-in-grey/207201266-1-grey","Bottom"
"ASOS DESIGN pull on smart tapered fit chino trousers in navy","https://www.asos.com/asos-design/asos-design-pull-on-smart-tapered-fit-chino-trousers-in-navy/prd/207201287#colourWayId-207201288","https://images.asos-media.com/products/asos-design-pull-on-smart-tapered-fit-chino-trousers-in-navy/207201287-1-navy","Bottom"
"ASOS DESIGN boxy denim overshirt in mid wash blue","https://www.asos.com/asos-design/asos-design-boxy-denim-overshirt-in-mid-wash-blue/prd/207243124#colourWayId-207243125","https://images.asos-media.com/products/asos-design-boxy-denim-overshirt-in-mid-wash-blue/207243124-1-midwash","Top"
"ASOS DESIGN 5 pack ring set with claw and compass in burnished silver tone","https://www.asos.com/asos-design/asos-design-5-pack-ring-set-with-claw-and-compass-in-burnished-silver-tone/prd/207289178#colourWayId-207289179","https://images.asos-media.com/products/asos-design-5-pack-ring-set-with-claw-and-compass-in-burnished-silver-tone/207289178-1-silver","Others"
"COLLUSION baggy carpenter jeans in navy cord","https://www.asos.com/collusion/collusion-baggy-carpenter-jeans-in-navy-cord/prd/207300729#colourWayId-207300731","https://images.asos-media.com/products/collusion-baggy-carpenter-jeans-in-navy-cord/207300729-1-navy","Bottom"
"ASOS DESIGN 3 pack waterproof stainless steel band ring set with texture in black and silver tone","https://www.asos.com/asos-design/asos-design-3-pack-waterproof-stainless-steel-band-ring-set-with-texture-in-black-and-silver-tone/prd/207329146#colourWayId-207329147","https://images.asos-media.com/products/asos-design-3-pack-waterproof-stainless-steel-band-ring-set-with-texture-in-black-and-silver-tone/207329146-1-silver","Top"
"ASOS DESIGN rope ring in burnished silver tone","https://www.asos.com/asos-design/asos-design-rope-ring-in-burnished-silver-tone/prd/207329151#colourWayId-207329152","https://images.asos-media.com/products/asos-design-rope-ring-in-burnished-silver-tone/207329151-1-silver","Others"
"Hollister icon short sleeve polo top in pine green","https://www.asos.com/hollister/hollister-icon-short-sleeve-polo-top-in-pine-green/prd/207355899#colourWayId-207355907","https://images.asos-media.com/products/hollister-icon-short-sleeve-polo-top-in-pine-green/207355899-1-pinegreen","Top"
"Hollister Mclaren long sleeve rugby polo in orange","https://www.asos.com/hollister/hollister-mclaren-long-sleeve-rugby-polo-in-orange/prd/207356252#colourWayId-207356265","https://images.asos-media.com/products/hollister-mclaren-long-sleeve-rugby-polo-in-orange/207356252-1-autumnorange","Others"
"Hollister varsity bomber jacket with back print in green","https://www.asos.com/hollister/hollister-varsity-bomber-jacket-with-back-print-in-green/prd/207356478#colourWayId-207356481","https://images.asos-media.com/products/hollister-varsity-bomber-jacket-with-back-print-in-green/207356478-1-green","Outerwear"
"PS Paul Smith multi stitch belt in black","https://www.asos.com/ps-paul-smith/ps-paul-smith-multi-stitch-belt-in-black/prd/207383223#colourWayId-207383228","https://images.asos-media.com/products/ps-paul-smith-multi-stitch-belt-in-black/207383223-1-black","Others"
"Ed Hardy cross and rose thorn crucifix fine chain necklace in silver","https://www.asos.com/ed-hardy/ed-hardy-cross-and-rose-thorn-crucifix-fine-chain-necklace-in-silver/prd/207414007#colourWayId-207414008","https://images.asos-media.com/products/ed-hardy-cross-and-rose-thorn-crucifix-fine-chain-necklace-in-silver/207414007-1-silver","Others"
"Ed Hardy logo chain necklace in silver","https://www.asos.com/ed-hardy/ed-hardy-logo-chain-necklace-in-silver/prd/207414010#colourWayId-207414011","https://images.asos-media.com/products/ed-hardy-logo-chain-necklace-in-silver/207414010-1-silver","Others"
"GANT striped logo rugby shirt in navy","https://www.asos.com/gant/gant-striped-logo-rugby-shirt-in-navy/prd/207458344#colourWayId-207458345","https://images.asos-media.com/products/gant-striped-logo-rugby-shirt-in-navy/207458344-1-eveningblue","Top"
"OOSC Jacksonville jaguars OOSC NFL ski neckwarmer in multi","https://www.asos.com/oosc/oosc-jacksonville-jaguars-oosc-nfl-ski-neckwarmer-in-multi/prd/207567684#colourWayId-207567685","https://images.asos-media.com/products/oosc-jacksonville-jaguars-oosc-nfl-ski-neckwarmer-in-multi/207567684-1-multi","Others"
"COLLUSION red football top with Monaco print","https://www.asos.com/collusion/collusion-red-football-top-with-monaco-print/prd/207656777#colourWayId-207656778","https://images.asos-media.com/products/collusion-red-football-top-with-monaco-print/207656777-1-red","Top"
"Reclaimed Vintage jogger co-ord in khaki","https://www.asos.com/reclaimed-vintage/reclaimed-vintage-co-ord-in-khaki/grp/207893634#colourWayId-207693004&productId-207693003","https://images.asos-media.com/products/reclaimed-vintage-jogger-co-ord-in-khaki/207693003-1-khaki","Others"
"Reclaimed Vintage hoodie co-ord in khaki","https://www.asos.com/reclaimed-vintage/reclaimed-vintage-co-ord-in-khaki/grp/207893634#colourWayId-207706310&productId-207706309","https://images.asos-media.com/products/reclaimed-vintage-hoodie-co-ord-in-khaki/207706309-1-khaki","Top"
"ASOS DESIGN overszied dropped shoulder cropped sweatshirt in with split hem in brown","https://www.asos.com/asos-design/asos-design-overszied-dropped-shoulder-cropped-sweatshirt-in-with-split-hem-in-brown/prd/207769964#colourWayId-207769965","https://images.asos-media.com/products/asos-design-overszied-dropped-shoulder-cropped-sweatshirt-in-with-split-hem-in-brown/207769964-1-brown","Top"
"ASOS DESIGN super oversized boxy fit boucle knitted v neck jumper in grey","https://www.asos.com/asos-design/asos-design-super-oversized-boxy-fit-boucle-knitted-v-neck-jumper-in-grey/prd/207788522#colourWayId-207788523","https://images.asos-media.com/products/asos-design-super-oversized-boxy-fit-boucle-knitted-v-neck-jumper-in-grey/207788522-1-grey","Top"
"ASOS DEISGN super oversized boxy fit knitted texture crew neck jumper in ecru","https://www.asos.com/asos-design/asos-deisgn-super-oversized-boxy-fit-knitted-texture-crew-neck-jumper-in-ecru/prd/207788533#colourWayId-207788535","https://images.asos-media.com/products/asos-deisgn-super-oversized-boxy-fit-knitted-texture-crew-neck-jumper-in-ecru/207788533-1-ecru","Top"
"Reclaimed Vintage polo jumper in argyle print","https://www.asos.com/reclaimed-vintage/reclaimed-vintage-polo-jumper-in-argyle-print/prd/207798108#colourWayId-207798109","https://images.asos-media.com/products/reclaimed-vintage-polo-jumper-in-argyle-print/207798108-1-multi","Top"
"ASOS DESIGN oversized shirt in green stripe","https://www.asos.com/asos-design/asos-design-oversized-shirt-in-green-stripe/prd/207842685#colourWayId-207842687","https://images.asos-media.com/products/asos-design-oversized-shirt-in-green-stripe/207842685-1-green","Top"
"ASOS DESIGN boxy oversized long sleeve polo with dropped shoulder and sports graphics in cream","https://www.asos.com/asos-design/asos-design-boxy-oversized-long-sleeve-polo-with-dropped-shoulder-and-sports-graphics-in-cream/prd/207857408#colourWayId-207857409","https://images.asos-media.com/products/asos-design-boxy-oversized-long-sleeve-polo-with-dropped-shoulder-and-sports-graphics-in-cream/207857408-1-coconutmilk","Others"
"Reclaimed Vintage unisex oversized boxy cropped hoodie in charcoal","https://www.asos.com/reclaimed-vintage/reclaimed-vintage-unisex-oversized-sweat-co-ord-in-charcoal/grp/207876321#colourWayId-206862125&productId-206862123","https://images.asos-media.com/products/reclaimed-vintage-unisex-oversized-boxy-cropped-hoodie-in-charcoal/206862123-1-charcoal","Top"
"ASOS DESIGN chelsea boots in brown leather","https://www.asos.com/asos-design/asos-design-chelsea-boots-in-brown-leather/prd/206889003#colourWayId-206889005","https://images.asos-media.com/products/asos-design-chelsea-boots-in-brown-leather/206889003-1-brown","Shoes"
"Hollister slim straight leg jean in grey","https://www.asos.com/hollister/hollister-slim-straight-leg-jean-in-grey/prd/207356071#colourWayId-207356093","https://images.asos-media.com/products/hollister-slim-straight-leg-jean-in-grey/207356071-1-grey","Others"
"New Era NY Yankees quilted camera bag in black","https://www.asos.com/new-era/new-era-ny-yankees-quilted-camera-bag-in-black/prd/207215721#colourWayId-207215724","https://images.asos-media.com/products/new-era-ny-yankees-quilted-camera-bag-in-black/207215721-1-black","Accessories"
"New Era faux fur ear muffs in cream","https://www.asos.com/new-era/new-era-faux-fur-ear-muffs-in-cream/prd/207215729#colourWayId-207215732","https://images.asos-media.com/products/new-era-faux-fur-ear-muffs-in-cream/207215729-1-cream","Others"
"New Era NY Yankees cord waist bag in cream","https://www.asos.com/new-era/new-era-ny-yankees-cord-waist-bag-in-cream/prd/207215580#colourWayId-207215594","https://images.asos-media.com/products/new-era-ny-yankees-cord-waist-bag-in-cream/207215580-1-cream","Accessories"
"New Era NY Yankees cuff tonal beanie in black","https://www.asos.com/new-era/new-era-ny-yankees-cuff-tonal-beanie-in-black/prd/207215598#colourWayId-207215613","https://images.asos-media.com/products/new-era-ny-yankees-cuff-tonal-beanie-in-black/207215598-1-black","Accessories"
"ASOS DESIGN lace up chukka boots in burgundy polido leather","https://www.asos.com/asos-design/asos-design-lace-up-chukka-boots-in-burgundy-polido-leather/prd/206983314#colourWayId-206983315","https://images.asos-media.com/products/asos-design-lace-up-chukka-boots-in-burgundy-polido-leather/206983314-1-burgundy","Shoes"
"ASOS DESIGN Premium heavyweight oversized boxy long sleeve t-shirt 300gsm in dark brown","https://www.asos.com/asos-design/asos-design-premium-heavyweight-oversized-boxy-long-sleeve-t-shirt-300gsm-in-dark-brown/prd/207150359#colourWayId-207150361","https://images.asos-media.com/products/asos-design-premium-heavyweight-oversized-boxy-long-sleeve-t-shirt-300gsm-in-dark-brown/207150359-1-decadentchocolate","Top"
"ASOS DESIGN essential 2 pack oversized t-shirt in white","https://www.asos.com/asos-design/asos-design-essential-2-pack-oversized-t-shirt-in-white/prd/207228365#colourWayId-207228366","https://images.asos-media.com/products/asos-design-essential-2-pack-oversized-t-shirt-in-white/207228365-1-white","Top"
"ASOS DESIGN heavyweight extreme oversized scuba sweatshirt brown","https://www.asos.com/asos-design/asos-design-heavyweight-extreme-oversized-scuba-sweatshirt-brown/prd/207446667#colourWayId-207446668","https://images.asos-media.com/products/asos-design-heavyweight-extreme-oversized-scuba-sweatshirt-brown/207446667-1-chocolatetorte","Top"
"ASOS DESIGN boxy relaxed velvet shirt with embroidery border in black","https://www.asos.com/asos-design/asos-design-boxy-relaxed-velvet-shirt-with-embroidery-border-in-black/prd/207109595#colourWayId-207109606","https://images.asos-media.com/products/asos-design-boxy-relaxed-velvet-shirt-with-embroidery-border-in-black/207109595-1-black","Top"
"ASOS DESIGN extreme oversize cropped track jacket in brown fleece","https://www.asos.com/asos-design/asos-design-extreme-oversize-cropped-track-jacket-in-brown-fleece/prd/207834185#colourWayId-207834192","https://images.asos-media.com/products/asos-design-extreme-oversize-cropped-track-jacket-in-brown-fleece/207834185-1-brown","Outerwear"
"Levi's archive ski rodeo back print vintage fit t-shirt in grey marl","https://www.asos.com/levis/levis-archive-ski-rodeo-back-print-vintage-fit-t-shirt-in-grey-marl/prd/206116780#colourWayId-206116781","https://images.asos-media.com/products/levis-archive-ski-rodeo-back-print-vintage-fit-t-shirt-in-grey-marl/206116780-1-greymarl","Top"
"Levi's Jackson check flannel worker shirt in multi","https://www.asos.com/levis/levis-jackson-check-flannel-worker-shirt-in-multi/prd/206122518#colourWayId-206122519","https://images.asos-media.com/products/levis-jackson-check-flannel-worker-shirt-in-multi/206122518-1-multi","Top"
"Levi's original batwing logo stripe t-shirt in dark green","https://www.asos.com/levis/levis-original-batwing-logo-stripe-t-shirt-in-dark-green/prd/206124611#colourWayId-206124627","https://images.asos-media.com/products/levis-original-batwing-logo-stripe-t-shirt-in-dark-green/206124611-1-darkgreen","Top"
"adidas Originals adiFOM IIInfinity sliders in black","https://www.asos.com/adidas-originals/adidas-originals-adifom-iiinfinity-sliders-in-black/prd/206312383#colourWayId-206312384","https://images.asos-media.com/products/adidas-originals-adifom-iiinfinity-sliders-in-black/206312383-1-black","Others"
"Topman premium harrington wool mix salt and pepper suit jacket in black","https://www.asos.com/topman/topman-premium-harrington-wool-mix-salt-and-pepper-suit-jacket-in-black/prd/206534291#colourWayId-206534292","https://images.asos-media.com/products/topman-premium-harrington-wool-mix-salt-and-pepper-suit-jacket-in-black/206534291-1-black","Top"
"Jordan Spizike Low trainers in white and grey","https://www.asos.com/jordan/jordan-spizike-low-trainers-in-white-and-grey/prd/206610684#colourWayId-206610685","https://images.asos-media.com/products/jordan-spizike-low-trainers-in-white-and-grey/206610684-1-white","Shoes"
"Nike Zoom Vomero 5 unisex trainers in dark burgundy","https://www.asos.com/nike/nike-zoom-vomero-5-unisex-trainers-in-dark-burgundy/prd/206631337#colourWayId-206631351","https://images.asos-media.com/products/nike-zoom-vomero-5-unisex-trainers-in-dark-burgundy/206631337-1-burgundy","Shoes"
"Nike Air Max DN trainers in dark burgundy","https://www.asos.com/nike/nike-air-max-dn-trainers-in-dark-burgundy/prd/206631534#colourWayId-206631535","https://images.asos-media.com/products/nike-air-max-dn-trainers-in-dark-burgundy/206631534-1-burgundy","Shoes"
"Carhartt WIP american script sweatshirt in grey","https://www.asos.com/carhartt-wip/carhartt-wip-american-script-sweatshirt-in-grey/prd/206637489#colourWayId-206637557","https://images.asos-media.com/products/carhartt-wip-american-script-sweatshirt-in-grey/206637489-1-grey","Top"
"Carhartt WIP american script sweatshirt in white","https://www.asos.com/carhartt-wip/carhartt-wip-american-script-sweatshirt-in-white/prd/206638030#colourWayId-206638045","https://images.asos-media.com/products/carhartt-wip-american-script-sweatshirt-in-white/206638030-1-white","Top"
"Carhartt WIP myton liner quilted jacket in green","https://www.asos.com/carhartt-wip/carhartt-wip-myton-liner-quilted-jacket-in-green/prd/206638836#colourWayId-206638844","https://images.asos-media.com/products/carhartt-wip-myton-liner-quilted-jacket-in-green/206638836-1-green","Outerwear"
"adidas Originals Rivalry 86 Low trainers in cream and green","https://www.asos.com/adidas-originals/adidas-originals-rivalry-86-low-trainers-in-cream-and-green/prd/206644685#colourWayId-206644708","https://images.asos-media.com/products/adidas-originals-rivalry-86-low-trainers-in-cream-and-green/206644685-1-cream","Shoes"
"Von Duch newark trucker in acid wash grey and yellow","https://www.asos.com/von-dutch/von-duch-newark-trucker-in-acid-wash-grey-and-yellow/prd/206764234#colourWayId-206764250","https://images.asos-media.com/products/von-duch-newark-trucker-in-acid-wash-grey-and-yellow/206764234-1-multi","Others"
"Saucony Originals Shadow 5000 trainers in moon and chocolate","https://www.asos.com/saucony/saucony-originals-shadow-5000-trainers-in-moon-and-chocolate/prd/206792602#colourWayId-206792603","https://images.asos-media.com/products/saucony-originals-shadow-5000-trainers-in-moon-and-chocolate/206792602-1-moon","Shoes"
"Barbour Everitt mule slippers in camel","https://www.asos.com/barbour/barbour-everitt-mule-slippers-in-camel/prd/206835061#colourWayId-206835069","https://images.asos-media.com/products/barbour-everitt-mule-slippers-in-camel/206835061-1-camel","Shoes"
"Barbour Hall quilted slippers in green","https://www.asos.com/barbour/barbour-hall-quilted-slippers-in-green/prd/206835114#colourWayId-206835115","https://images.asos-media.com/products/barbour-hall-quilted-slippers-in-green/206835114-1-olive","Shoes"
"Reclaimed Vintage unisex wide leg oversized joggers in charcoal","https://www.asos.com/reclaimed-vintage/reclaimed-vintage-unisex-oversized-sweat-co-ord-in-charcoal/grp/207876321#colourWayId-206862059&productId-206862058","https://images.asos-media.com/products/reclaimed-vintage-unisex-wide-leg-oversized-joggers-in-charcoal/206862058-1-charcoal","Others"
"Tommy Hilfiger lace up leather boots in black","https://www.asos.com/tommy-hilfiger/tommy-hilfiger-lace-up-leather-boots-in-black/prd/206885379#colourWayId-206885383","https://images.asos-media.com/products/tommy-hilfiger-lace-up-leather-boots-in-black/206885379-1-black","Shoes"
